772.70242804164,-11,1
772.720912959885,-6,1
772.73939757912012,-9,1
772.75788189930438,-1,1
772.77636592039664,-6,1
772.7948496423561,-12,1
772.81333306514159,-3,1
772.831816188712,-1,1
772.85029901302619,-6,1
772.86878153804332,9,1
772.88726376372188,-4,1
772.90574569002126,-15,1
772.92422731690033,-11,1
772.94270864431792,-7,1
772.9611896722331,-12,1
772.97967040060462,-7,1
772.99815082939153,-6,1
773.01663095855292,-15,1
773.03511078804752,-5,1
773.05359031783451,-4,1
773.0720695478725,-13,1
773.09054847812092,-12,1
773.10902710853816,-2,1
773.12750543908385,-5,1
773.1459834697165,8,1
773.16446120039518,2,1
773.18293863107885,-19,1
773.20141576172637,4,1
773.2198925922969,-8,1
773.23836912274942,-3,1
773.25684535304276,-1,1
773.27532128313578,-10,1
773.29379691298789,-16,1
773.31227224255781,-11,1
773.33074727180428,-2,1
773.34922200068684,-7,1
773.367696429164,-3,1
773.38617055719487,3,1
773.40464438473873,-5,1
773.423117911754,-13,1
773.4415911382,-4,1
773.46006406403581,-9,1
773.47853668922039,-8,1
773.49700901371261,3,1
773.51548103747155,-6,1
773.53395276045626,-9,1
773.55242418262549,-10,1
773.57089530393853,-13,1
773.58936612435411,8,1
773.60783664383155,-2,1
773.62630686232967,-15,1
773.64477677980778,-8,1
773.66324639622417,-9,1
773.68171571153869,-18,1
773.70018472570985,10,1
773.71865343869683,-4,1
773.73712185045849,-14,1
773.755589960954,-14,1
773.77405777014246,-9,1
773.7925252779828,-9,1
773.81099248443411,-14,1
773.82945938945522,-4,1
773.84792599300522,-9,1
773.86639229504328,-4,1
773.88485829552849,-17,1
773.90332399441957,-1,1
773.92178939167582,-14,1
773.94025448725608,-6,1
773.95871928111967,-7,1
773.97718377322531,0,1
773.99564796353241,1,1
774.01411185199959,-1,1
774.03257543858626,0,1
774.05103872325139,-13,1
774.06950170595383,-22,1
774.08796438665274,-7,1
774.10642676530733,10,1
774.12488884187655,-8,1
774.14335061631925,-5,1
774.16181208859484,-23,1
774.180273258662,-21,1
774.19873412648019,11,1
774.21719469200832,1,1
774.23565495520506,-19,1
774.25411491603018,0,1
774.27257457444239,-10,1
774.29103393040066,-4,1
774.30949298386417,-11,1
774.32795173479212,5,1
774.34641018314346,-18,1
774.36486832887715,-10,1
774.3833261719526,-9,1
774.40178371232855,-4,1
774.42024094996418,-10,1
774.43869788481879,-13,1
774.45715451685112,-10,1
774.47561084602046,-6,1
774.49406687228611,-18,1
774.51252259560658,-9,1
774.53097801594151,-6,1
774.54943313324975,-14,1
774.56788794749048,-11,1
774.58634245862288,-7,1
774.60479666660569,-19,1
774.62325057139833,-11,1
774.64170417296,-3,1
774.66015747124936,-16,1
774.6786104662259,-17,1
774.69706315784879,-11,1
774.71551554607663,-13,1
774.73396763086919,-11,1
774.75241941218508,3,1
774.77087088998383,-13,1
774.78932206422417,-7,1
774.8077729348654,-3,1
774.82622350186659,-15,1
774.84467376518694,-10,1
774.86312372478551,-1,1
774.8815733806216,-4,1
774.90002273265418,-3,1
774.9184717808422,-18,1
774.93692052514518,-7,1
774.95536896552187,-8,1
774.97381710193179,-7,1
774.99226493433389,-9,1
775.010712462687,-8,1
775.029159686951,-9,1
775.04760660708428,-9,1
775.06605322304642,4,1
775.08449953479646,-11,1
775.10294554229347,-3,1
775.12139124549674,-15,1
775.13983664436535,-2,1
775.15828173885848,-15,1
775.176726528935,-6,1
775.1951710145546,9,1
775.21361519567608,-6,1
775.23205907225872,-10,1
775.2505026442617,-16,1
775.2689459116441,-17,1
775.287388874365,-16,1
775.30583153238376,-6,1
775.32427388565952,-20,1
775.34271593415144,-7,1
775.3611576778186,-16,1
775.37959911662017,-13,1
775.39804025051546,-8,1
775.41648107946355,-11,1
775.43492160342385,-11,1
775.45336182235508,1,1
775.47180173621666,-23,1
775.49024134496813,-3,1
775.50868064856809,-14,1
775.527119646976,-4,1
775.545558340151,-8,1
775.56399672805242,-12,1
775.58243481063937,-1,1
775.60087258787109,-14,1
775.61931005970666,-7,1
775.63774722610526,-8,1
775.65618408702619,-3,1
775.67462064242864,-6,1
775.6930568922719,-4,1
775.711492836515,-11,1
775.72992847511716,-7,1
775.74836380803777,-15,1
775.76679883523593,-15,1
775.78523355667107,-16,1
775.80366797230181,3,1
775.82210208208789,2,1
775.84053588598863,-18,1
775.85896938396274,-2,1
775.87740257596977,-14,1
775.895835461969,-12,1
775.91426804191963,-19,1
775.93270031578049,-7,1
775.95113228351147,-2,1
775.96956394507129,-11,1
775.98799530041936,4,1
776.006426349515,-5,1
776.02485709231712,-2,1
776.04328752878541,-6,1
776.06171765887882,0,1
776.08014748255664,-27,1
776.09857699977829,-2,1
776.11700621050272,-5,1
776.13543511468936,-6,1
776.15386371229761,-25,1
776.17229200328643,-9,1
776.190719987615,-6,1
776.209147665243,-4,1
776.22757503612922,-6,1
776.24600210023323,-2,1
776.26442885751442,0,1
776.28285530793153,-3,1
776.30128145144442,-13,1
776.31970728801184,-3,1
776.33813281759342,-10,1
776.35655804014812,-15,1
776.37498295563546,-14,1
776.39340756401486,12,1
776.41183186524506,-1,1
776.43025585928581,-4,1
776.44867954609629,-11,1
776.46710292563557,0,1
776.48552599786319,6,1
776.50394876273833,-14,1
776.52237122022018,-8,1
776.54079337026826,-11,1
776.55921521284165,-7,1
776.57763674789965,-26,1
776.59605797540155,-7,1
776.61447889530689,-7,1
776.63289950757462,-7,1
776.65131981216439,3,1
776.66973980903515,-10,1
776.68815949814643,-21,1
776.70657887945754,-19,1
776.72499795292765,-6,1
776.74341671851619,-9,1
776.76183517618222,0,1
776.78025332588538,-3,1
776.79867116758487,-3,1
776.81708870123987,-8,1
776.8355059268099,-3,1
776.85392284425416,-12,1
776.872339453532,-12,1
776.89075575460276,-6,1
776.9091717474256,-1,1
776.92758743196021,-4,1
776.94600280816564,-2,1
776.964417876001,-8,1
776.98283263542635,-11,1
777.00124708640021,-1,1
777.01966122888234,-10,1
777.03807506283215,-6,1
777.05648858820871,-11,1
777.07490180497143,-26,1
777.09331471307985,-7,1
777.11172731249314,-12,1
777.13013960317073,-14,1
777.1485515850718,-8,1
777.16696325815576,-8,1
777.18537462238214,0,1
777.20378567771013,-6,1
777.222196424099,-1,1
777.24060686150847,1,1
777.25901698989765,4,1
777.27742680922574,5,1
777.29583631945229,31,1
777.31424552053659,9,1
777.33265441243816,4,1
777.35106299511619,3,1
777.36947126853011,-5,1
777.38787923263942,-4,1
777.40628688740344,-18,1
777.42469423278135,-10,1
777.44310126873256,-7,1
777.46150799521672,-5,1
777.4799144121929,-2,1
777.49832051962073,-17,1
777.51672631745953,1,1
777.53513180566858,1,1
777.5535369842072,-7,1
777.5719418530349,-3,1
777.59034641211133,6,1
777.60875066139545,-10,1
777.62715460084678,-10,1
777.64555823042485,0,1
777.663961550089,-21,1
777.68236455979854,-13,1
777.7007672595131,4,1
777.71916964919183,-15,1
777.737571728794,-1,1
777.75597349827956,1,1
777.77437495760739,-13,1
777.79277610673739,-13,1
777.81117694562852,-3,1
777.82957747424041,-5,1
777.84797769253237,-10,1
777.86637760046392,-7,1
777.88477719799448,-15,1
777.90317648508346,-12,1
777.92157546169017,-2,1
777.93997412777435,8,1
777.95837248329485,-16,1
777.97677052821166,-13,1
777.99516826248419,-21,1
778.0135656860715,-9,1
778.03196279893314,0,1
778.050359601029,-10,1
778.06875609231781,-5,1
778.08715227275934,-10,1
778.10554814231307,-8,1
778.12394370093853,-12,1
778.142338948595,-3,1
778.16073388524183,0,1
778.17912851083884,-2,1
778.19752282534523,-17,1
778.21591682872031,5,1
778.23431052092383,-11,1
778.2527039019152,-9,1
778.27109697165372,-17,1
778.28948973009892,-23,1
778.3078821772101,-1,1
778.32627431294713,-7,1
778.3446661372692,-12,1
778.36305765013583,-14,1
778.38144885150655,-4,1
778.39983974134077,-6,1
778.41823031959791,-11,1
778.43662058623738,-1,1
778.45501054121883,-16,1
778.47340018450177,-11,1
778.49178951604563,-14,1
778.51017853580959,-7,1
778.52856724375363,4,1
778.546955639837,-28,1
778.565343724019,-7,1
778.58373149625959,-8,1
778.60211895651787,-3,1
778.62050610475353,-18,1
778.63889294092587,-8,1
778.65727946499476,-12,1
778.67566567691915,-8,1
778.69405157665892,-9,1
778.71243716417348,-4,1
778.73082243942247,-5,1
778.74920740236519,-7,1
778.76759205296139,-2,1
778.78597639117015,-5,1
778.80436041695134,2,1
778.82274413026437,-4,1
778.841127531069,-2,1
778.8595106193244,10,1
778.87789339499011,-1,1
778.89627585802589,-4,1
778.91465800839114,-6,1
778.9330398460454,-10,1
778.951421370948,-25,1
778.96980258305882,-2,1
778.988183482337,-2,1
779.00656406874259,1,1
779.02494434223468,1,1
779.04332430277282,-1,1
779.06170395031688,-7,1
779.08008328482629,-9,1
779.09846230626022,-10,1
779.11684101457865,-9,1
779.13521940974078,-9,1
779.15359749170671,-13,1
779.17197526043537,-5,1
779.19035271588666,-5,1
779.20872985802009,-12,1
779.22710668679508,-12,1
779.24548320217139,-20,1
779.2638594041083,-13,1
779.2822352925657,-4,1
779.30061086750288,-6,1
779.3189861288796,6,1
779.33736107665538,-23,1
779.35573571078987,-8,1
779.37411003124225,-7,1
779.39248403797239,1,1
779.41085773094,7,1
779.42923111010441,0,1
779.44760417542523,1,1
779.46597692686237,-8,1
779.48434936437479,-18,1
779.5027214879226,-10,1
779.5210932974652,-3,1
779.53946479296212,-1,1
779.55783597437312,-8,1
779.57620684165749,-14,1
779.59457739477534,7,1
779.61294763368574,-8,1
779.63131755834843,-4,1
779.64968716872306,-7,1
779.66805646476939,-12,1
779.68642544644683,7,1
779.70479411371491,5,1
779.72316246653338,1,1
779.741530504862,-6,1
779.75989822866006,-2,1
779.77826563788733,0,1
779.79663273250333,-2,1
779.81499951246781,-11,1
779.8333659777403,-1,1
779.85173212828033,16,1
779.87009796404789,8,1
779.88846348500238,-2,1
779.90682869110321,-1,1
779.92519358231027,-3,1
779.94355815858307,0,1
779.96192241988115,16,1
779.98028636616448,-12,1
779.99864999739248,0,1
780.01701331352467,2,1
780.03537631452093,-1,1
780.05373900034078,0,1
780.07210137094376,-7,1
780.0904634262896,-14,1
780.10882516633819,-26,1
780.12718659104871,-5,1
780.145547700381,-2,1
780.163908494295,0,1
780.18226897275008,-19,1
780.200629135706,0,1
780.21898898312224,-5,1
780.23734851495851,-14,1
780.25570773117465,5,1
780.27406663173008,-15,1
780.29242521658477,-3,1
780.310783485698,-7,1
780.32914143903,-15,1
780.34749907653975,-4,1
780.36585639818747,-6,1
780.38421340393245,5,1
780.40257009373465,4,1
780.42092646755361,-8,1
780.43928252534909,-15,1
780.45763826708071,-8,1
780.475993692708,-4,1
780.4943488021911,-4,1
780.51270359548937,7,1
780.53105807256236,-1,1
780.54941223337,21,1
780.56776607787185,9,1
780.58611960602786,23,1
780.6044728177975,-8,1
780.6228257131404,-5,1
780.64117829201643,-8,1
780.65953055438536,-8,1
780.67788250020647,3,1
780.69623412944,-6,1
780.7145854420454,-9,1
780.73293643798229,-12,1
780.75128711721072,-14,1
780.76963747968989,-9,1
780.78798752538,-8,1
780.80633725424047,-17,1
780.82468666623129,11,1
780.84303576131185,-22,1
780.861384539442,-9,1
780.87973300058161,-14,1
780.89808114469054,-18,1
780.91642897172778,-4,1
780.934776481654,-12,1
780.9531236744283,-5,1
780.97147055001062,-25,1
780.98981710836074,-2,1
781.00816334943818,2,1
781.02650927320292,-1,1
781.04485487961472,-10,1
781.06320016863333,-1,1
781.08154514021817,-2,1
781.09988979432933,-8,1
781.11823413092645,6,1
781.1365781499693,4,1
781.1549218514175,-12,1
781.173265235231,7,1
781.19160830136946,-2,1
781.20995104979272,7,1
781.22829348046059,-7,1
781.24663559333248,-8,1
781.26497738836849,0,1
781.28331886552826,12,1
781.30166002477176,0,1
781.32000086605854,8,1
781.33834138934822,-5,1
781.356681594601,0,1
781.37502148177634,5,1
781.39336105083407,5,1
781.41170030173419,13,1
781.43003923443632,5,1
781.44837784890035,-2,1
781.46671614508557,-2,1
781.48505412295253,-7,1
781.50339178246043,-12,1
781.52172912356934,11,1
781.54006614623893,-9,1
781.55840285042916,-9,1
781.57673923609968,-7,1
781.59507530321025,-2,1
781.613411051721,-1,1
781.63174648159145,3,1
781.65008159278125,-8,1
781.66841638525057,-4,1
781.686750858959,-2,1
781.70508501386632,-5,1
781.72341884993261,-14,1
781.74175236711744,-13,1
781.76008556538056,-6,1
781.77841844468207,-6,1
781.79675100498173,-5,1
781.81508324623917,-8,1
781.83341516841438,-11,1
781.851746771467,-2,1
781.87007805535723,1,1
781.88840902004461,-1,1
781.90673966548889,-3,1
781.92506999165,2,1
781.943399998488,2,1
781.9617296859625,-3,1
781.98005905403329,8,1
781.99838810266033,-12,1
782.01671683180359,-9,1
782.03504524142272,3,1
782.05337333147736,0,1
782.07170110192794,-5,1
782.09002855273388,-5,1
782.108355683855,-3,1
782.12668249525143,-3,1
782.14500898688311,-3,1
782.16333515870951,-3,1
782.18166101069062,-7,1
782.19998654278652,-2,1
782.21831175495674,8,1
782.23663664716139,4,1
782.25496121936021,2,1
782.2732854715133,15,1
782.2916094035802,0,1
782.30993301552087,60,1
782.32825630729553,240,1
782.34657927886371,479,1
782.36490193018517,255,1
782.38322426122022,69,1
782.4015462719284,25,1
782.41986796227,18,1
782.43818933220427,23,1
782.45651038169183,5,1
782.474831110692,4,1
782.49315151916483,3,1
782.51147160707046,-8,1
782.52979137436841,-6,1
782.54811082101878,2,1
782.56642994698166,0,1
782.58474875221657,2,1
782.60306723668373,-10,1
782.62138540034277,8,1
782.63970324315392,14,1
782.65802076507669,14,1
782.6763379660714,4,1
782.69465484609782,-14,1
782.71297140511581,7,1
782.73128764308535,-3,1
782.74960355996632,1,1
782.7679191557188,-1,1
782.78623443030233,-1,1
782.80454938367723,-8,1
782.82286401580325,9,1
782.84117832664037,15,1
782.85949231614848,-12,1
782.87780598428765,0,1
782.89611933101764,-1,1
782.91443235629845,9,1
782.93274506009,-4,1
782.95105744235241,1,1
782.96936950304541,1,1
782.987681242129,-8,1
783.00599265956328,11,1
783.02430375530787,11,1
783.04261452932315,-1,1
783.06092498156863,10,1
783.07923511200477,2,1
783.09754492059108,4,1
783.11585440728766,13,1
783.1341635720546,17,1
783.15247241485179,2,1
783.17078093563919,21,1
783.18908913437667,7,1
783.20739701102434,19,1
783.22570456554217,19,1
783.24401179789,9,1
783.26231870802792,0,1
783.28062529591591,-1,1
783.298931561514,21,1
783.317237504782,8,1
783.33554312568,7,1
783.353848424168,16,1
783.372153400206,6,1
783.390458053754,26,1
783.40876238477188,12,1
783.42706639321977,21,1
783.44537007905751,15,1
783.46367344224518,20,1
783.481976482743,28,1
783.50027920051048,32,1
783.51858159550818,28,1
783.53688366769563,19,1
783.555185417033,49,1
783.57348684348074,46,1
783.59178794699824,41,1
783.61008872754564,44,1
783.62838918508317,43,1
783.64668931957078,69,1
783.66498913096848,57,1
783.68328861923612,58,1
783.701587784334,75,1
783.71988662622186,75,1
783.73818514486015,90,1
783.75648334020832,131,1
783.774781212227,135,1
783.7930787608758,179,1
783.81137598611485,226,1
783.82967288790428,332,1
783.84796946620418,600,1
783.86626572097441,1439,1
783.88456165217508,5353,1
783.90285725976639,7532,1
783.9211525437081,3311,1
783.93944750396042,980,1
783.95774214048345,429,1
783.97603645323727,261,1
783.99433044218165,186,1
784.012624107277,102,1
784.03091744848336,122,1
784.04921046576055,130,1
784.06750315906879,147,1
784.085795528368,120,1
784.10408757361847,85,1
784.1223792947801,90,1
784.140670691813,79,1
784.15896176467731,49,1
784.1772525133332,69,1
784.19554293774024,70,1
784.21383303785922,86,1
784.23212281364977,61,1
784.250412265072,40,1
784.26870139208631,25,1
784.28699019465216,54,1
784.30527867273042,23,1
784.32356682628063,27,1
784.34185465526309,9,1
784.3601421596378,11,1
784.37842933936508,-6,1
784.39671619440469,-2,1
784.41500272471694,1,1
784.43328893026194,-10,1
784.45157481099966,-3,1
784.46986036689043,-12,1
784.48814559789423,-15,1
784.506430503971,-3,1
784.52471508508131,-15,1
784.54299934118478,-6,1
784.56128327224178,-16,1
784.5795668782124,-12,1
784.597850159057,-12,1
784.616133114735,-6,1
784.63441574520732,-22,1
784.65269805043351,-12,1
784.67098003037415,-3,1
784.68926168498922,-8,1
784.70754301423869,-6,1
784.72582401808268,-11,1
784.74410469648171,-8,1
784.76238504939556,-10,1
784.78066507678432,-7,1
784.79894477860842,-13,1
784.81722415482773,-4,1
784.8355032054028,-10,1
784.85378193029328,5,1
784.87206032945983,-14,1
784.890338402862,-6,1
784.90861615046038,-13,1
784.92689357221525,-8,1
784.94517066808646,-10,1
784.96344743803411,-5,1
784.98172388201863,-14,1
785,-26,1
785.01827579193855,-1,1
785.03655125779414,-9,1
785.05482639752734,-15,1
785.07310121109822,-8,1
785.09137569846678,-2,1
785.10964985959311,0,1
785.12792369443787,-16,1
785.14619720296093,0,1
785.16447038512229,1,1
785.18274324088236,-10,1
785.20101577020148,-8,1
785.21928797303963,-14,1
785.237559849357,-5,1
785.25583139911373,-9,1
785.27410262227022,-6,1
785.29237351878646,-1,1
785.31064408862278,-9,1
785.32891433173938,-8,1
785.34718424809637,3,1
785.36545383765406,-6,1
785.38372310037266,-10,1
785.40199203621228,-17,1
785.42026064513334,-5,1
785.4385289270956,6,1
785.45679688205973,-5,1
785.47506450998583,-9,1
785.49333181083409,-6,1
785.51159878456463,9,1
785.52986543113786,28,1
785.5481317505139,54,1
785.56639774265307,112,1
785.58466340751534,185,1
785.60292874506115,135,1
785.62119375525083,152,1
785.63945843804458,196,1
785.6577227934024,252,1
785.67598682128471,288,1
785.69425052165172,310,1
785.71251389446377,467,1
785.73077693968082,606,1
785.74903965726344,1114,1
785.76730204717194,1172,1
785.78556410936608,600,1
785.80382584380664,306,1
785.82208725045348,174,1
785.84034832926716,108,1
785.858609080208,110,1
785.87686950323575,91,1
785.8951295983112,72,1
785.91338936539432,91,1
785.93164880444544,77,1
785.94990791542511,81,1
785.9681666982932,81,1
785.98642515301026,73,1
786.00468327953627,116,1
786.02294107783189,185,1
786.041198547857,308,1
786.05945568957225,345,1
786.07771250293786,205,1
786.09596898791381,148,1
786.11422514446065,180,1
786.13248097253859,225,1
786.15073647210806,198,1
786.16899164312917,124,1
786.18724648556235,79,1
786.20550099936793,70,1
786.223755184506,69,1
786.24200904093709,54,1
786.26026256862121,46,1
786.278515767519,35,1
786.29676863759073,43,1
786.31502117879631,43,1
786.33327339109667,37,1
786.35152527445166,50,1
786.36977682882173,51,1
786.38802805416742,31,1
786.40627895044872,42,1
786.424529517626,24,1
786.44277975565967,28,1
786.46102966451008,26,1
786.47927924413773,29,1
786.49752849450249,16,1
786.51577741556514,22,1
786.53402600728589,25,1
786.55227426962483,25,1
786.57052220254263,21,1
786.5887698059995,28,1
786.60701707995577,21,1
786.62526402437175,23,1
786.64351063920788,27,1
786.66175692442425,20,1
786.68000287998177,24,1
786.6982485058403,9,1
786.71649380196038,44,1
786.73473876830235,12,1
786.75298340482652,17,1
786.77122771149322,19,1
786.78947168826289,26,1
786.807715335096,21,1
786.82595865195276,18,1
786.84420163879349,9,1
786.86244429557894,6,1
786.88068662226908,36,1
786.89892861882424,27,1
786.9171702852052,40,1
786.93541162137194,50,1
786.95365262728512,50,1
786.97189330290507,30,1
786.990133648192,16,1
787.00837366310634,25,1
787.02661334760876,6,1
787.04485270165935,9,1
787.06309172521878,3,1
787.08133041824726,2,1
787.09956878070511,15,1
787.11780681255289,37,1
787.13604451375079,74,1
787.1542818842596,87,1
787.17251892403942,107,1
787.19075563305068,77,1
787.208992011254,80,1
787.22722805860963,45,1
787.24546377507772,29,1
787.26369916061935,14,1
787.28193421519438,4,1
787.30016893876348,13,1
787.31840333128673,-3,1
787.336637392725,-3,1
787.35487112303872,14,1
787.3731045221881,-7,1
787.3913375901335,4,1
787.40957032683548,11,1
787.42780273225458,2,1
787.44603480635112,2,1
787.46426654908532,-5,1
787.48249796041819,2,1
787.50072904030969,1,1
787.51895978872039,-2,1
787.53719020561073,-13,1
787.55542029094136,-2,1
787.57365004467249,-9,1
787.59187946676457,2,1
787.61010855717814,-2,1
787.62833731587386,-7,1
787.64656574281173,-6,1
787.66479383795274,-8,1
787.68302160125688,7,1
787.70124903268481,-10,1
787.71947613219709,-14,1
787.73770289975425,-10,1
787.75592933531652,8,1
787.77415543884445,5,1
787.79238121029869,-2,1
787.81060664963934,0,1
787.82883175682741,5,1
787.847056531823,-4,1
787.86528097458665,7,1
787.88350508507881,-12,1
787.90172886326025,-4,1
787.91995230909117,-14,1
787.93817542253214,-11,1
787.9563982035437,3,1
787.9746206520864,-5,1
787.99284276812045,-5,1
788.01106455160686,-22,1
788.02928600250573,3,1
788.04750712077748,-2,1
788.065727906383,-14,1
788.08394835928254,3,1
788.10216847943684,-2,1
788.12038826680623,-6,1
788.13860772135138,7,1
788.15682684303249,-6,1
788.17504563181046,-2,1
788.1932640876455,-2,1
788.21148221049816,-14,1
788.22970000032933,4,1
788.24791745709933,-16,1
788.26613458076849,-3,1
788.28435137129748,-6,1
788.30256782864694,-7,1
788.32078395277733,0,1
788.33899974364908,2,1
788.35721520122308,-6,1
788.37543032545943,8,1
788.39364511631914,-2,1
788.41185957376217,8,1
788.43007369774955,-18,1
788.4482874882417,-1,1
788.4665009451993,-8,1
788.48471406858266,-16,1
788.50292685835234,-5,1
788.52113931446922,-14,1
788.53935143689341,9,1
788.55756322558591,-5,1
788.575774680507,0,1
788.59398580161746,-10,1
788.61219658887762,-6,1
788.63040704224829,-15,1
788.64861716168991,7,1
788.66682694716292,13,1
788.68503639862809,7,1
788.70324551604608,9,1
788.72145429937746,11,1
788.73966274858253,0,1
788.75787086362232,-14,1
788.776078644457,-10,1
788.7942860910473,-24,1
788.81249320335394,-2,1
788.83069998133715,-23,1
788.84890642495827,-15,1
788.86711253417718,-11,1
788.88531830895465,1,1
788.90352374925146,-14,1
788.92172885502828,-4,1
788.93993362624542,-7,1
788.95813806286355,-11,1
788.97634216484369,-7,1
788.99454593214591,1,1
789.01274936473089,-13,1
789.03095246255975,1,1
789.04915522559259,-17,1
789.06735765379028,-3,1
789.08555974711339,-17,1
789.10376150552258,-10,1
789.12196292897852,-2,1
789.14016401744152,-6,1
789.15836477087259,-10,1
789.17656518923229,-16,1
789.194765272481,-3,1
789.21296502057987,9,1
789.23116443348908,-11,1
789.24936351116958,-3,1
789.26756225358167,-4,1
789.28576066068626,-18,1
789.30395873244413,-1,1
789.32215646881548,-4,1
789.34035386976132,-12,1
789.35855093524231,-4,1
789.376747665219,-12,1
789.39494405965206,-7,1
789.41314011850216,-7,1
789.43133584173,-2,1
789.449531229296,-6,1
789.46772628116116,-17,1
789.48592099728626,-8,1
789.50411537763148,-12,1
789.52230942215783,-15,1
789.540503130826,5,1
789.55869650359671,-9,1
789.57688954043022,-12,1
789.59508224128786,0,1
789.61327460612983,-1,1
789.63146663491693,-8,1
789.64965832760993,-5,1
789.6678496841696,-5,1
789.68604070455638,-20,1
789.70423138873127,-5,1
789.72242173665461,-10,1
789.74061174828751,-15,1
789.75880142359028,8,1
789.776990762524,-1,1
789.79517976504917,-17,1
789.81336843112638,-8,1
789.83155676071669,-8,1
789.84974475378044,0,1
789.86793241027851,-5,1
789.8861197301718,-7,1
789.90430671342074,-9,1
789.92249335998622,-19,1
789.94067966982891,-6,1
789.95886564290947,-8,1
789.9770512791888,-4,1
789.99523657862744,-9,1
790.01342154118618,-13,1
790.031606166826,-14,1
790.04979045550726,-9,1
790.067974407191,-6,1
790.08615802183772,-8,1
790.10434129940825,-14,1
790.12252423986331,-20,1
790.14070684316391,-10,1
790.1588891092706,-18,1
790.17707103814394,-5,1
790.19525262974514,0,1
790.21343388403443,-10,1
790.23161480097292,-10,1
790.24979538052116,-3,1
790.26797562264039,-9,1
790.2861555272907,10,1
790.30433509443333,-11,1
790.3225143240287,-13,1
790.34069321603806,-3,1
790.35887177042173,-11,1
790.37704998714059,-13,1
790.39522786615566,-3,1
790.41340540742749,-4,1
790.431582610917,-8,1
790.44975947658475,-4,1
790.46793600439173,-19,1
790.48611219429858,-4,1
790.50428804626631,-8,1
790.52246356025557,-5,1
790.540638736227,-10,1
790.55881357414194,-5,1
790.57698807396048,1,1
790.5951622356439,-9,1
790.613336059153,-16,1
790.63150954444814,-11,1
790.64968269149074,-13,1
790.6678555002411,-7,1
790.68602797066035,-6,1
790.70420010270914,-10,1
790.72237189634836,-10,1
790.7405433515388,-3,1
790.75871446824135,-7,1
790.77688524641678,-15,1
790.79505568602588,-8,1
790.81322578702952,-11,1
790.8313955493885,-6,1
790.84956497306371,-12,1
790.8677340580158,-24,1
790.8859028042059,-6,1
790.9040712115949,-11,1
790.92223928014312,-4,1
790.94040700981179,-11,1
790.9585744005617,9,1
790.97674145235374,-22,1
790.99490816514867,-9,1
791.01307453890752,-3,1
791.03124057359071,-12,1
791.04940626915959,-9,1
791.06757162557483,-17,1
791.0857366427972,-8,1
791.10390132078771,-5,1
791.12206565950692,-5,1
791.14022965891616,-12,1
791.15839331897587,-13,1
791.17655663964729,1,1
791.19471962089108,-9,1
791.21288226266813,-2,1
791.23104456493934,-3,1
791.24920652766559,-15,1
791.26736815080778,-8,1
791.28552943432669,-2,1
791.30369037818343,-3,1
791.32185098233867,-4,1
791.34001124675342,-17,1
791.35817117138834,-13,1
791.37633075620477,-8,1
791.39449000116326,1,1
791.41264890622472,-4,1
791.43080747135025,-2,1
791.44896569650041,-8,1
791.46712358163654,-3,1
791.48528112671931,-12,1
791.5034383317095,-10,1
791.52159519656823,-17,1
791.53975172125638,-6,1
791.55790790573485,-21,1
791.57606374996476,-21,1
791.59421925390643,-16,1
791.61237441752155,-4,1
791.63052924077033,-12,1
791.64868372361423,-7,1
791.66683786601391,-13,1
791.68499166793049,-8,1
791.70314512932464,-18,1
791.72129825015759,-20,1
791.73945103038989,-18,1
791.75760346998311,-13,1
791.77575556889747,-1,1
791.7939073270943,-12,1
791.81205874453451,-11,1
791.830209821179,-9,1
791.848360556989,-8,1
791.86651095192485,-7,1
791.884661005948,-17,1
791.90281071901939,-4,1
791.92096009109969,-14,1
791.93910912215028,-9,1
791.9572578121315,-5,1
791.975406161005,-12,1
791.99355416873141,-14,1
792.01170183527165,3,1
792.02984916058676,-17,1
792.04799614463775,-18,1
792.06614278738539,-9,1
792.08428908879125,-12,1
792.10243504881566,-11,1
792.12058066741974,-7,1
792.13872594456473,-14,1
792.1568708802115,-18,1
792.17501547432084,-10,1
792.19315972685411,-7,1
792.21130363777206,-9,1
792.22944720703572,-6,1
792.24759043460608,-7,1
792.265733320444,-1,1
792.28387586451083,-10,1
792.30201806676735,-19,1
792.32015992717459,-19,1
792.33830144569345,1,1
792.35644262228527,-10,1
792.37458345691073,-22,1
792.392723949531,-3,1
792.41086410010712,-16,1
792.42900390860007,-7,1
792.44714337497066,-9,1
792.46528249918038,-4,1
792.48342128118975,-8,1
792.50155972096,-12,1
792.51969781845253,3,1
792.53783557362772,-16,1
792.55597298644716,-20,1
792.57411005687163,4,1
792.59224678486214,-20,1
792.61038317037981,0,1
792.62851921338574,-9,1
792.64665491384073,1,1
792.664790271706,-4,1
792.6829252869428,-7,1
792.70105995951178,-13,1
792.71919428937417,-24,1
792.7373282764911,-6,1
792.75546192082368,-10,1
792.77359522233269,-12,1
792.7917281809797,-13,1
792.80986079672516,-15,1
792.82799306953052,6,1
792.84612499935679,-4,1
792.864256586165,-10,1
792.88238782991607,-11,1
792.90051873057143,-9,1
792.91864928809184,-22,1
792.93677950243875,1,1
792.95490937357272,-20,1
792.97303890145542,-14,1
792.99116808604742,-9,1
793.00929692731006,-13,1
793.02742542520457,-10,1
793.04555357969173,-10,1
793.06368139073277,-9,1
793.08180885828881,-9,1
793.099935982321,-6,1
793.11806276279026,-8,1
793.136189199658,-10,1
793.15431529288492,-17,1
793.17244104243252,-15,1
793.19056644826173,-13,1
793.20869151033367,-13,1
793.22681622860955,-4,1
793.24494060305051,-12,1
793.26306463361732,-5,1
793.28118832027144,-9,1
793.29931166297388,-10,1
793.31743466168575,-3,1
793.33555731636829,-7,1
793.35367962698263,-13,1
793.37180159348975,-6,1
793.3899232158509,-11,1
793.40804449402731,-20,1
793.42616542797975,-10,1
793.44428601766981,-15,1
793.46240626305837,-9,1
793.48052616410666,-5,1
793.49864572077581,-27,1
793.516764933027,-5,1
793.53488380082149,-17,1
793.55300232412,-7,1
793.57112050288436,-28,1
793.589238337075,7,1
793.60735582665382,-2,1
793.62547297158142,-18,1
793.64358977181917,-6,1
793.66170622732807,-7,1
793.67982233806981,-15,1
793.697938104005,-10,1
793.716053525095,0,1
793.73416860130112,-18,1
793.75228333258428,-1,1
793.77039771890588,-5,1
793.78851176022715,-19,1
793.8066254565091,-1,1
793.82473880771283,-20,1
793.84285181379983,-1,1
793.86096447473119,-24,1
793.87907679046782,-6,1
793.8971887609714,-6,1
793.91530038620306,-7,1
793.93341166612345,-23,1
793.95152260069437,-18,1
793.96963318987673,-13,1
793.98774343363175,-5,1
794.00585333192089,-3,1
794.02396288470516,-8,1
794.04207209194578,-11,1
794.06018095360389,-3,1
794.07828946964094,-6,1
794.096397640018,-2,1
794.11450546469632,1,1
794.13261294363713,-14,1
794.15072007680169,-4,1
794.16882686415113,-12,1
794.18693330564679,-2,1
794.20503940124979,-16,1
794.22314515092148,-6,1
794.24125055462321,-14,1
794.25935561231586,-16,1
794.2774603239609,-6,1
794.29556468951967,-7,1
794.31366870895329,-13,1
794.331772382223,-8,1
794.34987570929025,-12,1
794.36797869011593,-17,1
794.38608132466152,-11,1
794.40418361288846,-11,1
794.42228555475765,-26,1
794.44038715023055,-13,1
794.45848839926839,3,1
794.47658930183263,-18,1
794.494689857884,-13,1
794.51279006738434,-16,1
794.53088993029485,-8,1
794.54898944657646,-9,1
794.56708861619063,11,1
794.58518743909883,-16,1
794.60328591526206,1,1
794.6213840446419,-12,1
794.63948182719946,-16,1
794.657579262896,-11,1
794.67567635169269,-12,1
794.693773093551,-14,1
794.71186948843251,-29,1
794.7299655362981,-8,1
794.74806123710925,-11,1
794.76615659082711,-9,1
794.78425159741312,-1,1
794.80234625682863,-17,1
794.820440569035,-11,1
794.83853453399331,-11,1
794.85662815166484,-12,1
794.87472142201125,-2,1
794.89281434499367,-14,1
794.91090692057344,-5,1
794.92899914871191,-4,1
794.94709102937031,-6,1
794.96518256251,7,1
794.98327374809242,-14,1
795.00136458607881,-13,1
795.0194550764304,-12,1
795.03754521910867,-16,1
795.05563501407516,-13,1
795.07372446129079,3,1
795.09181356071713,-10,1
795.10990231231563,-10,1
795.12799071604752,-10,1
795.14607877187393,-14,1
795.16416647975655,-13,1
795.1822538396566,-9,1
795.20034085153554,-7,1
795.21842751535462,-13,1
795.23651383107517,-7,1
795.25459979865866,-16,1
795.2726854180662,-2,1
795.2907706892596,-4,1
795.30885561220009,-8,1
795.3269401868489,-2,1
795.34502441316738,-4,1
795.36310829111687,-23,1
795.38119182065907,-9,1
795.39927500175509,0,1
795.41735783436638,4,1
795.43544031845443,-13,1
795.45352245398055,-16,1
795.471604240906,-5,1
795.48968567919235,-4,1
795.507766768801,3,1
795.52584750969311,-15,1
795.54392790183044,-10,1
795.56200794517417,-34,1
795.58008763968576,0,1
795.59816698532643,-4,1
795.616245982058,-12,1
795.63432462984167,-5,1
795.65240292863871,-18,1
795.67048087841067,-2,1
795.68855847911891,-15,1
795.70663573072488,6,1
795.72471263319017,-11,1
795.742789186476,1,1
795.76086539054393,-16,1
795.77894124535521,-20,1
795.79701675087142,-18,1
795.8150919070539,-23,1
795.83316671386433,-17,1
795.85124117126372,-13,1
795.86931527921388,-16,1
795.88738903767626,-18,1
795.90546244661209,-12,1
795.92353550598284,-12,1
795.94160821575008,-8,1
795.95968057587515,-9,1
795.97775258631953,-7,1
795.99582424704477,-15,1
796.01389555801222,-21,1
796.03196651918358,-11,1
796.05003713052,-12,1
796.06810739198306,-6,1
796.08617730353421,-14,1
796.10424686513511,-9,1
796.12231607674687,-16,1
796.14038493833129,4,1
796.15845344984973,-8,1
796.17652161126364,-11,1
796.19458942253459,-15,1
796.21265688362382,1,1
796.23072399449325,-14,1
796.248790755104,-4,1
796.26685716541772,-16,1
796.28492322539591,-23,1
796.30298893499992,-9,1
796.32105429419141,-24,1
796.33911930293186,-15,1
796.35718396118261,-8,1
796.37524826890535,-10,1
796.39331222606154,-14,1
796.41137583261263,-11,1
796.42943908852033,-20,1
796.447501993746,-12,1
796.465564548251,0,1
796.483626751997,-14,1
796.50168860494568,-18,1
796.51975010705848,-5,1
796.53781125829676,-14,1
796.55587205862207,14,1
796.57393250799612,-7,1
796.59199260638024,-5,1
796.610052353736,-15,1
796.62811175002514,-9,1
796.64617079520906,-13,1
796.66422948924935,-3,1
796.68228783210748,-22,1
796.700345823745,-18,1
796.71840346412341,2,1
796.73646075320448,-18,1
796.75451769094946,-12,1
796.77257427732,-8,1
796.790630512278,-13,1
796.80868639578443,1,1
796.82674192780132,-8,1
796.84479710829,2,1
796.86285193721233,-17,1
796.88090641452936,-3,1
796.89896054020312,-15,1
796.917014314195,-15,1
796.93506773646652,-27,1
796.95312080697954,-4,1
796.97117352569512,-3,1
796.9892258925754,-11,1
797.00727790758174,-25,1
797.02532957067569,0,1
797.04338088181873,-7,1
797.06143184097266,-3,1
797.07948244809893,-11,1
797.09753270315935,-10,1
797.11558260611537,-24,1
797.13363215692834,-11,1
797.15168135556041,-9,1
797.16973020197258,-4,1
